Workbook

Sheet 件數預估
A1: 系統別 2026 全年件數預估（截至 8/5 → 全年 / 剩餘）
A2: 參數 | B2: 已過天數 | C2: 217 | D2: 全年天數 | E2: 365 | F2: （黃底=可改的原始輸入；改了右側全部自動重算）
A4: 系統 | B4: 2024全年 | C4: 2025全年 | D4: 2024 H1 | E4: 2025 H1 | F4: 2026 H1 | G4: 2026至8/5 | H4: H1年增 | I4: 季節係數k | J4: 法一(季節) | K4: 法二(H2年增) | L4: 線性(參考) | M4: 建議全年 | N4: 剩餘(8/6–12/31) | O4: 信心 / 註記
A5: 水務 | B5: 47 | C5: 58 | D5: 28 | E5: 41 | F5: 44 | G5: 52 | H5: =IF(OR(E5="",F5=""),"",F5/E5-1) -> 0.073170732 | I5: =IF(E5="","",C5/E5) -> 1.4146341 | J5: =IF(E5="","",MAX(ROUND(F5*C5/E5,0),G5)) -> 62 | K5: =IF(E5="","",MAX(ROUND(F5+(C5-E5)*(F5/E5),0),G5)) -> 62 | L5: =ROUND(G5/$C$2*$E$2,0) -> 87 | M5: =IF(E5="",L5,J5) -> 62 | N5: =MAX(M5-G5,0) -> 10 | O5: =IF(G5=0,"已停用",IF(E5="","低·基數小(線性)",IF(E5<5,"高但基數小·易波動",IF(F5/E5<0.7,"有H1·大幅下降·留意","高·雙法收斂")))) -> 高·雙法收斂
A6: Relayout | B6: 38 | C6: 57 | D6: 7 | E6: 36 | F6: 37 | G6: 43 | H6: =IF(OR(E6="",F6=""),"",F6/E6-1) -> 0.027777778 | I6: =IF(E6="","",C6/E6) -> 1.5833333 | J6: =IF(E6="","",MAX(ROUND(F6*C6/E6,0),G6)) -> 59 | K6: =IF(E6="","",MAX(ROUND(F6+(C6-E6)*(F6/E6),0),G6)) -> 59 | L6: =ROUND(G6/$C$2*$E$2,0) -> 72 | M6: =IF(E6="",L6,J6) -> 59 | N6: =MAX(M6-G6,0) -> 16 | O6: =IF(G6=0,"已停用",IF(E6="","低·基數小(線性)",IF(E6<5,"高但基數小·易波動",IF(F6/E6<0.7,"有H1·大幅下降·留意","高·雙法收斂")))) -> 高·雙法收斂
A7: 資安 | B7: 5 | C7: 17 | D7: 2 | E7: 10 | F7: 19 | G7: 22 | H7: =IF(OR(E7="",F7=""),"",F7/E7-1) -> 0.9 | I7: =IF(E7="","",C7/E7) -> 1.7 | J7: =IF(E7="","",MAX(ROUND(F7*C7/E7,0),G7)) -> 32 | K7: =IF(E7="","",MAX(ROUND(F7+(C7-E7)*(F7/E7),0),G7)) -> 32 | L7: =ROUND(G7/$C$2*$E$2,0) -> 37 | M7: =IF(E7="",L7,J7) -> 32 | N7: =MAX(M7-G7,0) -> 10 | O7: =IF(G7=0,"已停用",IF(E7="","低·基數小(線性)",IF(E7<5,"高但基數小·易波動",IF(F7/E7<0.7,"有H1·大幅下降·留意","高·雙法收斂")))) -> 高·雙法收斂
A8: 消防 | B8: 6 | C8: 21 | E8: 11 | F8: 20 | G8: 21 | H8: =IF(OR(E8="",F8=""),"",F8/E8-1) -> 0.81818182 | I8: =IF(E8="","",C8/E8) -> 1.9090909 | J8: =IF(E8="","",MAX(ROUND(F8*C8/E8,0),G8)) -> 38 | K8: =IF(E8="","",MAX(ROUND(F8+(C8-E8)*(F8/E8),0),G8)) -> 38 | L8: =ROUND(G8/$C$2*$E$2,0) -> 35 | M8: =IF(E8="",L8,J8) -> 38 | N8: =MAX(M8-G8,0) -> 17 | O8: =IF(G8=0,"已停用",IF(E8="","低·基數小(線性)",IF(E8<5,"高但基數小·易波動",IF(F8/E8<0.7,"有H1·大幅下降·留意","高·雙法收斂")))) -> 高·雙法收斂
A9: 空調 | B9: 64 | C9: 49 | D9: 48 | E9: 30 | F9: 17 | G9: 20 | H9: =IF(OR(E9="",F9=""),"",F9/E9-1) -> -0.43333333 | I9: =IF(E9="","",C9/E9) -> 1.6333333 | J9: =IF(E9="","",MAX(ROUND(F9*C9/E9,0),G9)) -> 28 | K9: =IF(E9="","",MAX(ROUND(F9+(C9-E9)*(F9/E9),0),G9)) -> 28 | L9: =ROUND(G9/$C$2*$E$2,0) -> 34 | M9: =IF(E9="",L9,J9) -> 28 | N9: =MAX(M9-G9,0) -> 8 | O9: =IF(G9=0,"已停用",IF(E9="","低·基數小(線性)",IF(E9<5,"高但基數小·易波動",IF(F9/E9<0.7,"有H1·大幅下降·留意","高·雙法收斂")))) -> 有H1·大幅下降·留意
A10: 安全 | B10: 15 | C10: 11 | D10: 5 | E10: 3 | F10: 13 | G10: 15 | H10: =IF(OR(E10="",F10=""),"",F10/E10-1) -> 3.3333333 | I10: =IF(E10="","",C10/E10) -> 3.6666667 | J10: =IF(E10="","",MAX(ROUND(F10*C10/E10,0),G10)) -> 48 | K10: =IF(E10="","",MAX(ROUND(F10+(C10-E10)*(F10/E10),0),G10)) -> 48 | L10: =ROUND(G10/$C$2*$E$2,0) -> 25 | M10: =IF(E10="",L10,J10) -> 48 | N10: =MAX(M10-G10,0) -> 33 | O10: =IF(G10=0,"已停用",IF(E10="","低·基數小(線性)",IF(E10<5,"高但基數小·易波動",IF(F10/E10<0.7,"有H1·大幅下降·留意","高·雙法收斂")))) -> 高但基數小·易波動
A11: 建管 | B11: 15 | C11: 46 | D11: 12 | E11: 28 | F11: 11 | G11: 14 | H11: =IF(OR(E11="",F11=""),"",F11/E11-1) -> -0.60714286 | I11: =IF(E11="","",C11/E11) -> 1.6428571 | J11: =IF(E11="","",MAX(ROUND(F11*C11/E11,0),G11)) -> 18 | K11: =IF(E11="","",MAX(ROUND(F11+(C11-E11)*(F11/E11),0),G11)) -> 18 | L11: =ROUND(G11/$C$2*$E$2,0) -> 24 | M11: =IF(E11="",L11,J11) -> 18 | N11: =MAX(M11-G11,0) -> 4 | O11: =IF(G11=0,"已停用",IF(E11="","低·基數小(線性)",IF(E11<5,"高但基數小·易波動",IF(F11/E11<0.7,"有H1·大幅下降·留意","高·雙法收斂")))) -> 有H1·大幅下降·留意
A12: 空壓 | B12: 25 | C12: 19 | D12: 17 | E12: 12 | F12: 12 | G12: 13 | H12: =IF(OR(E12="",F12=""),"",F12/E12-1) -> 0 | I12: =IF(E12="","",C12/E12) -> 1.5833333 | J12: =IF(E12="","",MAX(ROUND(F12*C12/E12,0),G12)) -> 19 | K12: =IF(E12="","",MAX(ROUND(F12+(C12-E12)*(F12/E12),0),G12)) -> 19 | L12: =ROUND(G12/$C$2*$E$2,0) -> 22 | M12: =IF(E12="",L12,J12) -> 19 | N12: =MAX(M12-G12,0) -> 6 | O12: =IF(G12=0,"已停用",IF(E12="","低·基數小(線性)",IF(E12<5,"高但基數小·易波動",IF(F12/E12<0.7,"有H1·大幅下降·留意","高·雙法收斂")))) -> 高·雙法收斂
A13: 電力 | B13: 6 | C13: 33 | D13: 2 | E13: 23 | F13: 6 | G13: 10 | H13: =IF(OR(E13="",F13=""),"",F13/E13-1) -> -0.73913043 | I13: =IF(E13="","",C13/E13) -> 1.4347826 | J13: =IF(E13="","",MAX(ROUND(F13*C13/E13,0),G13)) -> 10 | K13: =IF(E13="","",MAX(ROUND(F13+(C13-E13)*(F13/E13),0),G13)) -> 10 | L13: =ROUND(G13/$C$2*$E$2,0) -> 17 | M13: =IF(E13="",L13,J13) -> 10 | N13: =MAX(M13-G13,0) -> 0 | O13: =IF(G13=0,"已停用",IF(E13="","低·基數小(線性)",IF(E13<5,"高但基數小·易波動",IF(F13/E13<0.7,"有H1·大幅下降·留意","高·雙法收斂")))) -> 有H1·大幅下降·留意
A14: 二次配 | B14: 0 | C14: 3 | F14: 5 | G14: 9 | H14: =IF(OR(E14="",F14=""),"",F14/E14-1) | I14: =IF(E14="","",C14/E14) | J14: =IF(E14="","",MAX(ROUND(F14*C14/E14,0),G14)) | K14: =IF(E14="","",MAX(ROUND(F14+(C14-E14)*(F14/E14),0),G14)) | L14: =ROUND(G14/$C$2*$E$2,0) -> 15 | M14: =IF(E14="",L14,J14) -> 15 | N14: =MAX(M14-G14,0) -> 6 | O14: =IF(G14=0,"已停用",IF(E14="","低·基數小(線性)",IF(E14<5,"高但基數小·易波動",IF(F14/E14<0.7,"有H1·大幅下降·留意","高·雙法收斂")))) -> 低·基數小(線性)
A15: 抽氣 | B15: 12 | C15: 34 | D15: 7 | E15: 18 | F15: 2 | G15: 5 | H15: =IF(OR(E15="",F15=""),"",F15/E15-1) -> -0.88888889 | I15: =IF(E15="","",C15/E15) -> 1.8888889 | J15: =IF(E15="","",MAX(ROUND(F15*C15/E15,0),G15)) -> 5 | K15: =IF(E15="","",MAX(ROUND(F15+(C15-E15)*(F15/E15),0),G15)) -> 5 | L15: =ROUND(G15/$C$2*$E$2,0) -> 8 | M15: =IF(E15="",L15,J15) -> 5 | N15: =MAX(M15-G15,0) -> 0 | O15: =IF(G15=0,"已停用",IF(E15="","低·基數小(線性)",IF(E15<5,"高但基數小·易波動",IF(F15/E15<0.7,"有H1·大幅下降·留意","高·雙法收斂")))) -> 有H1·大幅下降·留意
A16: AI自動化 | B16: 0 | C16: 0 | F16: 2 | G16: 4 | H16: =IF(OR(E16="",F16=""),"",F16/E16-1) | I16: =IF(E16="","",C16/E16) | J16: =IF(E16="","",MAX(ROUND(F16*C16/E16,0),G16)) | K16: =IF(E16="","",MAX(ROUND(F16+(C16-E16)*(F16/E16),0),G16)) | L16: =ROUND(G16/$C$2*$E$2,0) -> 7 | M16: =IF(E16="",L16,J16) -> 7 | N16: =MAX(M16-G16,0) -> 3 | O16: =IF(G16=0,"已停用",IF(E16="","低·基數小(線性)",IF(E16<5,"高但基數小·易波動",IF(F16/E16<0.7,"有H1·大幅下降·留意","高·雙法收斂")))) -> 低·基數小(線性)
A17: 環保 | B17: 2 | C17: 0 | D17: 1 | F17: 1 | G17: 2 | H17: =IF(OR(E17="",F17=""),"",F17/E17-1) | I17: =IF(E17="","",C17/E17) | J17: =IF(E17="","",MAX(ROUND(F17*C17/E17,0),G17)) | K17: =IF(E17="","",MAX(ROUND(F17+(C17-E17)*(F17/E17),0),G17)) | L17: =ROUND(G17/$C$2*$E$2,0) -> 3 | M17: =IF(E17="",L17,J17) -> 3 | N17: =MAX(M17-G17,0) -> 1 | O17: =IF(G17=0,"已停用",IF(E17="","低·基數小(線性)",IF(E17<5,"高但基數小·易波動",IF(F17/E17<0.7,"有H1·大幅下降·留意","高·雙法收斂")))) -> 低·基數小(線性)
A18: 其他 | B18: 0 | C18: 0 | F18: 1 | G18: 1 | H18: =IF(OR(E18="",F18=""),"",F18/E18-1) | I18: =IF(E18="","",C18/E18) | J18: =IF(E18="","",MAX(ROUND(F18*C18/E18,0),G18)) | K18: =IF(E18="","",MAX(ROUND(F18+(C18-E18)*(F18/E18),0),G18)) | L18: =ROUND(G18/$C$2*$E$2,0) -> 2 | M18: =IF(E18="",L18,J18) -> 2 | N18: =MAX(M18-G18,0) -> 1 | O18: =IF(G18=0,"已停用",IF(E18="","低·基數小(線性)",IF(E18<5,"高但基數小·易波動",IF(F18/E18<0.7,"有H1·大幅下降·留意","高·雙法收斂")))) -> 低·基數小(線性)
A19: 廢水/新建 | B19: 8 | C19: 0 | G19: 0 | H19: =IF(OR(E19="",F19=""),"",F19/E19-1) | I19: =IF(E19="","",C19/E19) | J19: =IF(E19="","",MAX(ROUND(F19*C19/E19,0),G19)) | K19: =IF(E19="","",MAX(ROUND(F19+(C19-E19)*(F19/E19),0),G19)) | L19: =ROUND(G19/$C$2*$E$2,0) -> 0 | M19: =IF(E19="",L19,J19) -> 0 | N19: =MAX(M19-G19,0) -> 0 | O19: =IF(G19=0,"已停用",IF(E19="","低·基數小(線性)",IF(E19<5,"高但基數小·易波動",IF(F19/E19<0.7,"有H1·大幅下降·留意","高·雙法收斂")))) -> 已停用
A20: 總計 | B20: =SUM(B5:B19) -> 243 | C20: =SUM(C5:C19) -> 348 | D20: =SUM(D5:D19) -> 129 | E20: =SUM(E5:E19) -> 212 | F20: =SUM(F5:F19) -> 190 | G20: =SUM(G5:G19) -> 231 | M20: =SUM(M5:M19) -> 346 | N20: =SUM(N5:N19) -> 115

Sheet 金額分析
A1: 系統別 H1 金額趨勢與 2026 全年金額推估
A2: 全年金額估 = 建議全年件數 × 2026H1單件均價（假設 H2 單件均價 ≈ H1）
A4: 系統 | B4: 2024 H1 金額 | C4: 2025 H1 金額 | D4: 2026 H1 金額 | E4: H1金額年增 | F4: 2026H1 單件均價 | G4: 建議全年件數 | H4: 2026全年金額估
A5: 水務 | B5: 142727354 | C5: 197178001 | D5: 337607202 | E5: =IF(OR(C5="",D5=""),"",D5/C5-1) -> 0.71219507 | F5: =IF(D5="","",D5/件數預估!F5) -> 7672891 | G5: =件數預估!M5 -> 62 | H5: =IF(D5="","",ROUND(F5*G5,0)) -> 475719239
A6: Relayout | B6: 132262083 | C6: 324601620 | D6: 645130932 | E6: =IF(OR(C6="",D6=""),"",D6/C6-1) -> 0.98745444 | F6: =IF(D6="","",D6/件數預估!F6) -> 17435971 | G6: =件數預估!M6 -> 59 | H6: =IF(D6="","",ROUND(F6*G6,0)) -> 1028722297
A7: 資安 | B7: 44984830 | C7: 33508750 | D7: 45214652 | E7: =IF(OR(C7="",D7=""),"",D7/C7-1) -> 0.34933867 | F7: =IF(D7="","",D7/件數預估!F7) -> 2379718.5 | G7: =件數預估!M7 -> 32 | H7: =IF(D7="","",ROUND(F7*G7,0)) -> 76150993
A8: 消防 | C8: 79096835 | D8: 49570000 | E8: =IF(OR(C8="",D8=""),"",D8/C8-1) -> -0.37329983 | F8: =IF(D8="","",D8/件數預估!F8) -> 2478500 | G8: =件數預估!M8 -> 38 | H8: =IF(D8="","",ROUND(F8*G8,0)) -> 94183000
A9: 空調 | B9: 356718000 | C9: 438842069 | D9: 264510000 | E9: =IF(OR(C9="",D9=""),"",D9/C9-1) -> -0.39725469 | F9: =IF(D9="","",D9/件數預估!F9) -> 15559412 | G9: =件數預估!M9 -> 28 | H9: =IF(D9="","",ROUND(F9*G9,0)) -> 435663529
A10: 安全 | B10: 35260000 | C10: 11450000 | D10: 61630000 | E10: =IF(OR(C10="",D10=""),"",D10/C10-1) -> 4.3825328 | F10: =IF(D10="","",D10/件數預估!F10) -> 4740769.2 | G10: =件數預估!M10 -> 48 | H10: =IF(D10="","",ROUND(F10*G10,0)) -> 227556923
A11: 建管 | B11: 225267342 | C11: 261091826 | D11: 121145000 | E11: =IF(OR(C11="",D11=""),"",D11/C11-1) -> -0.53600616 | F11: =IF(D11="","",D11/件數預估!F11) -> 11013182 | G11: =件數預估!M11 -> 18 | H11: =IF(D11="","",ROUND(F11*G11,0)) -> 198237273
A12: 空壓 | B12: 60466342 | C12: 70537600 | D12: 43816413 | E12: =IF(OR(C12="",D12=""),"",D12/C12-1) -> -0.37882189 | F12: =IF(D12="","",D12/件數預估!F12) -> 3651367.8 | G12: =件數預估!M12 -> 19 | H12: =IF(D12="","",ROUND(F12*G12,0)) -> 69375987
A13: 電力 | B13: 8729823 | C13: 158373638 | D13: 32993160 | E13: =IF(OR(C13="",D13=""),"",D13/C13-1) -> -0.79167518 | F13: =IF(D13="","",D13/件數預估!F13) -> 5498860 | G13: =件數預估!M13 -> 10 | H13: =IF(D13="","",ROUND(F13*G13,0)) -> 54988600
A14: 二次配 | D14: 98761429 | E14: =IF(OR(C14="",D14=""),"",D14/C14-1) | F14: =IF(D14="","",D14/件數預估!F14) -> 19752286 | G14: =件數預估!M14 -> 15 | H14: =IF(D14="","",ROUND(F14*G14,0)) -> 296284287
A15: 抽氣 | B15: 79900000 | C15: 199731643 | D15: 11000000 | E15: =IF(OR(C15="",D15=""),"",D15/C15-1) -> -0.9449261 | F15: =IF(D15="","",D15/件數預估!F15) -> 5500000 | G15: =件數預估!M15 -> 5 | H15: =IF(D15="","",ROUND(F15*G15,0)) -> 27500000
A16: AI自動化 | D16: 12300000 | E16: =IF(OR(C16="",D16=""),"",D16/C16-1) | F16: =IF(D16="","",D16/件數預估!F16) -> 6150000 | G16: =件數預估!M16 -> 7 | H16: =IF(D16="","",ROUND(F16*G16,0)) -> 43050000
A17: 環保 | B17: 10500000 | D17: 1500000 | E17: =IF(OR(C17="",D17=""),"",D17/C17-1) | F17: =IF(D17="","",D17/件數預估!F17) -> 1500000 | G17: =件數預估!M17 -> 3 | H17: =IF(D17="","",ROUND(F17*G17,0)) -> 4500000
A18: 其他 | D18: 1750600 | E18: =IF(OR(C18="",D18=""),"",D18/C18-1) | F18: =IF(D18="","",D18/件數預估!F18) -> 1750600 | G18: =件數預估!M18 -> 2 | H18: =IF(D18="","",ROUND(F18*G18,0)) -> 3501200
A19: 廢水/新建 | E19: =IF(OR(C19="",D19=""),"",D19/C19-1) | F19: =IF(D19="","",D19/件數預估!F19) | G19: =件數預估!M19 -> 0 | H19: =IF(D19="","",ROUND(F19*G19,0))
A20: 總計 | B20: =SUM(B5:B19) -> 1096815774 | C20: =SUM(C5:C19) -> 1774411982 | D20: =SUM(D5:D19) -> 1726929388 | H20: =SUM(H5:H19) -> 3035433328

Sheet 週期時間
A1: 各系統平均週期時間 cycletime AVG 趨勢（數字越低=越快）
A4: 系統 | B4: 2024 H1 | C4: 2025 H1 | D4: 2026 H1 | E4: 2025→2026 趨勢
A5: 水務 | B5: 6.9 | C5: 6.5 | D5: 4.7 | E5: =IF(OR(C5="",D5=""),"—",IF(D5<C5,"↓ 加快",IF(D5>C5,"↑ 變慢","→ 持平"))) -> ↓ 加快
A6: Relayout | B6: 7.3 | C6: 2.6 | D6: 5.1 | E6: =IF(OR(C6="",D6=""),"—",IF(D6<C6,"↓ 加快",IF(D6>C6,"↑ 變慢","→ 持平"))) -> ↑ 變慢
A7: 資安 | B7: 7 | C7: 6 | D7: 6.9 | E7: =IF(OR(C7="",D7=""),"—",IF(D7<C7,"↓ 加快",IF(D7>C7,"↑ 變慢","→ 持平"))) -> ↑ 變慢
A8: 消防 | C8: 3.5 | D8: 3.1 | E8: =IF(OR(C8="",D8=""),"—",IF(D8<C8,"↓ 加快",IF(D8>C8,"↑ 變慢","→ 持平"))) -> ↓ 加快
A9: 空調 | B9: 5.2 | C9: 6.4 | D9: 4 | E9: =IF(OR(C9="",D9=""),"—",IF(D9<C9,"↓ 加快",IF(D9>C9,"↑ 變慢","→ 持平"))) -> ↓ 加快
A10: 安全 | B10: 2.2 | C10: 5 | D10: 3.8 | E10: =IF(OR(C10="",D10=""),"—",IF(D10<C10,"↓ 加快",IF(D10>C10,"↑ 變慢","→ 持平"))) -> ↓ 加快
A11: 建管 | B11: 3.7 | C11: 3.6 | D11: 6 | E11: =IF(OR(C11="",D11=""),"—",IF(D11<C11,"↓ 加快",IF(D11>C11,"↑ 變慢","→ 持平"))) -> ↑ 變慢
A12: 空壓 | B12: 5.5 | C12: 6.6 | D12: 3.7 | E12: =IF(OR(C12="",D12=""),"—",IF(D12<C12,"↓ 加快",IF(D12>C12,"↑ 變慢","→ 持平"))) -> ↓ 加快
A13: 電力 | B13: 6 | C13: 5 | D13: 3.7 | E13: =IF(OR(C13="",D13=""),"—",IF(D13<C13,"↓ 加快",IF(D13>C13,"↑ 變慢","→ 持平"))) -> ↓ 加快
A14: 二次配 | D14: 3 | E14: =IF(OR(C14="",D14=""),"—",IF(D14<C14,"↓ 加快",IF(D14>C14,"↑ 變慢","→ 持平"))) -> —
A15: 抽氣 | B15: 5.4 | C15: 3.6 | D15: 5.5 | E15: =IF(OR(C15="",D15=""),"—",IF(D15<C15,"↓ 加快",IF(D15>C15,"↑ 變慢","→ 持平"))) -> ↑ 變慢
A16: AI自動化 | D16: 11.5 | E16: =IF(OR(C16="",D16=""),"—",IF(D16<C16,"↓ 加快",IF(D16>C16,"↑ 變慢","→ 持平"))) -> —
A17: 環保 | B17: 5 | D17: 7 | E17: =IF(OR(C17="",D17=""),"—",IF(D17<C17,"↓ 加快",IF(D17>C17,"↑ 變慢","→ 持平"))) -> —
A18: 其他 | D18: 1 | E18: =IF(OR(C18="",D18=""),"—",IF(D18<C18,"↓ 加快",IF(D18>C18,"↑ 變慢","→ 持平"))) -> —
A19: 廢水/新建 | E19: =IF(OR(C19="",D19=""),"—",IF(D19<C19,"↓ 加快",IF(D19>C19,"↑ 變慢","→ 持平"))) -> —
A21: 註：cycletime AVG = 該類別 H1 總週期 ÷ 件數；為每案平均處理時間。AI自動化 11.5 偏高（新型態）。

Sheet 公式說明
A1: 系統別預估 — 方法與公式
A3: 欄位（每列 r）：B=2024全年 C=2025全年 D=2024H1 E=2025H1 F=2026H1 G=2026至8/5
A5: ■ 法一 季節係數法（主方法，需 2025 H1）
A6: k = C / E 預估全年 = MAX( ROUND(F × C / E), G )
A7: 只取 2025（不併 2024），避免擴張型系統(如 Relayout)被舊基數拉爆。
A9: ■ 法二 H2 年增率法（交叉驗證）
A10: 2025下半年 = C − E g = F / E
A11: 預估全年 = MAX( ROUND( F + (C − E) × (F / E) ), G )
A12: 與法一接近就放心用；差很大代表季節性不穩，改列區間。
A14: ■ 線性推估（僅缺 2025 H1 的系統當退路，信心低）
A15: 預估全年 = ROUND( G ÷ 已過天數 × 全年天數 ) (217→365，×1.68)
A16: 忽略季節性；本版只剩 二次配/AI自動化/環保/其他 用它。
... A41: 因屬極小或已停用類別，未強行併入，保留全年表結構。
